"","GO","GO-perm","PERMANOVA","BETADISPER","KS.original","WS.original","DHT"
"1",0.291811054292422,0.312,0.238,0.214,0.142977150864958,0.176572528767519,0.229
"2",0.953274986538861,0.952,0.121,0.898,0.23293277611344,0.586143708860191,0.325
"3",0.979642817540632,0.98,0.662,0.952,0.935949469264135,0.971761263540194,0.973
"4",0.816582166156229,0.813,0.795,0.851,0.790880503607375,0.842956007329394,0.927
"5",0.0894840897750651,0.085,0.019,0.081,0.183224208975466,0.0921418181078262,0.167
"6",0.473333921180092,0.482,0.882,0.365,0.683250624738398,0.874537013820033,0.37
"7",0.28670607989397,0.278,0.498,0.364,0.164162419129724,0.193782162784277,0.193
"8",0.898459201313287,0.901,0.286,0.917,0.94137601226976,0.853954222934162,0.916
"9",0.439541781741151,0.466,0.287,0.418,0.449147639156422,0.47612385330162,0.546
"10",0.405707439316322,0.402,0.352,0.337,0.0910738044902657,0.240122275327443,0.112
"11",0.200414080002018,0.216,0.622,0.209,0.292318382677229,0.191195711703777,0.248
"12",0.977392132573999,0.973,0.013,0.952,0.829203268978338,0.806418829714099,0.903
"13",0.260164277098384,0.271,0.071,0.33,0.162642922415568,0.181481777286824,0.121
"14",0.40072608331995,0.425,0.04,0.473,0.91827634534092,0.621283919413457,0.658
"15",0.442844206683659,0.429,0.84,0.574,0.649251406630735,0.528054492466315,0.539
"16",0.933915716454323,0.927,0.351,0.948,0.770902302631309,0.872212756417397,0.836
"17",0.148584295017468,0.136,0.037,0.144,0.0786179085335805,0.395494905927652,0.111
"18",0.21441131333835,0.218,0.849,0.204,0.688632015428166,0.356996415013128,0.333
"19",0.954821963407392,0.956,0.875,0.965,0.901444349405048,0.879883357832066,0.975
"20",0.827511368594196,0.815,0.549,0.819,0.899326410758092,0.795653562219576,0.943
"21",0.467448806743513,0.485,0.439,0.489,0.645951974203251,0.780806941299142,0.679
"22",0.100679368319801,0.12,0.875,0.098,0.0579149632024323,0.152440309685044,0.095
"23",0.926977622181548,0.952,0.169,0.916,0.726780698939702,0.822643124635486,0.903
"24",0.808618197771731,0.81,0.067,0.916,0.897801097504935,0.927515431340538,0.755
"25",0.700227003483448,0.73,0.058,0.77,0.601795114607223,0.600821408718333,0.659
"26",0.767039571259231,0.761,0.275,0.796,0.81967989257444,0.819286067430777,0.812
"27",0.344819563202219,0.355,0.535,0.349,0.494345216149939,0.470235579978814,0.584
"28",0.99084104664654,0.988,0.948,0.944,0.346492530559207,0.39499910524938,0.408
"29",0.639798216251337,0.643,0.064,0.631,0.828756474640541,0.789502528220161,0.857
"30",0.730281101242662,0.728,0.76,0.713,0.736215012174935,0.777310800543366,0.808
"31",0.238492784611692,0.225,0.717,0.236,0.336946555284548,0.240818491080793,0.298
"32",0.329955220646897,0.309,0.739,0.277,0.130483153582647,0.352972689202093,0.15
"33",0.913359997305719,0.914,0.388,0.88,0.634362857317895,0.711325777044684,0.701
"34",0.996382336115864,0.995,0.905,0.955,0.815540768835233,0.922966101297628,0.766
"35",0.334989545321599,0.346,0.921,0.4,0.468719564975458,0.308139347604864,0.357
"36",0.935119335110402,0.933,0.597,0.938,0.859643545694245,0.843092084318295,0.93
"37",0.591169925474071,0.617,0.077,0.584,0.856488534731495,0.830240695479768,0.89
"38",0.394452578288548,0.393,0.463,0.35,0.635422188204484,0.598195712320559,0.59
"39",0.147772959868901,0.158,0.558,0.166,0.210058599188863,0.109099102755513,0.157
"40",0.715773119505473,0.723,0.259,0.627,0.140518530603753,0.159243805968721,0.136
"41",0.373763253229205,0.372,0.398,0.407,0.201321331671183,0.38128291380885,0.292
"42",0.0696282016575098,0.069,0.895,0.094,0.127896241267604,0.0649866558579864,0.101
"43",0.49648262331262,0.511,0.595,0.58,0.322839271657503,0.430824791954792,0.456
"44",0.335031519408357,0.371,0.828,0.382,0.291838227220221,0.271627117433914,0.302
"45",0.27859738086014,0.285,0.906,0.34,0.436818368809082,0.291573970381061,0.395
"46",0.196968786000545,0.216,0.029,0.209,0.996972749195608,0.996954413822294,0.314
"47",0.612363246976017,0.606,0.06,0.587,0.735370814452318,0.586601964225045,0.636
"48",0.540772145953802,0.534,0.484,0.586,0.448827826561352,0.415540038165252,0.514
"49",0.587196349355179,0.554,0.511,0.541,0.820469591704085,0.811073330688014,0.821
"50",0.429252782244289,0.468,0.948,0.572,0.351545391852284,0.254681619191272,0.279
"51",0.750320791972255,0.757,0.313,0.741,0.882257530632838,0.875017398030299,0.839
"52",0.162298625316782,0.136,0.056,0.159,0.597876986452893,0.31324474349174,0.3
"53",0.42899729001691,0.431,0.496,0.45,0.755837849205555,0.52411715340543,0.667
"54",0.0503686169748195,0.052,0.439,0.073,0.0737847188096221,0.0371750893377054,0.046
"55",0.801179755910289,0.801,0.812,0.791,0.697081065618711,0.629878906448917,0.665
"56",0.41140337153223,0.412,0.495,0.367,0.404792972112316,0.301813925922789,0.351
"57",0.263407741312585,0.246,0.824,0.315,0.469043527802993,0.466939417831299,0.46
"58",0.488147483242649,0.498,0.533,0.443,0.434936485189614,0.418370550196832,0.482
"59",0.347507755495417,0.37,0.874,0.448,0.596116327893983,0.348053690242035,0.499
"60",0.0745943962735842,0.081,0.052,0.102,0.929693520750433,0.914301265946292,0.092
"61",0.388259720447219,0.381,0.223,0.438,0.189157295690794,0.251358623005415,0.23
"62",0.722169288608712,0.767,0.324,0.824,0.616664167899384,0.657388790315832,0.734
"63",0.622581083646539,0.626,0.335,0.6,0.525907837980499,0.637667139771543,0.381
"64",0.839370230156784,0.835,0.851,0.839,0.879551841824989,0.897175129338108,0.964
"65",0.869920556964836,0.889,0.749,0.902,0.861767646458665,0.818586013611619,0.965
"66",0.0111447471779158,0.019,0.574,0.014,0.0854529219113715,0.0183167139354257,0.028
"67",0.0863660809015299,0.086,0.19,0.081,0.0856330176524821,0.092341697671365,0.055
"68",0.109260507823507,0.113,0.058,0.103,0.113989545009103,0.090092368447611,0.16
"69",0.360940252842824,0.366,0.631,0.481,0.382647530667745,0.390634901294142,0.375
"70",0.271690123188865,0.272,0.608,0.197,0.0463087076815831,0.165291600451248,0.081
"71",0.352372202523964,0.359,0.562,0.405,0.298124960777424,0.406466578486026,0.374
"72",0.0463708582381789,0.046,0.355,0.057,0.156508514059135,0.035603108843592,0.058
"73",0.490449537489939,0.509,0.031,0.539,0.702795773205784,0.888359331302205,0.637
"74",0.256291900041755,0.262,0.178,0.241,0.41419437325083,0.289173574627504,0.351
"75",0.956741358924389,0.955,0.379,0.994,0.973104724802917,0.984905830053054,0.749
"76",0.666603493165796,0.645,0.289,0.717,0.62261624224048,0.498053346397876,0.619
"77",0.216035422714248,0.227,0.307,0.215,0.518115940127673,0.380907516295084,0.343
"78",0.480264401971938,0.471,0.298,0.541,0.343816584071084,0.376354523316319,0.387
"79",0.463030907774618,0.463,0.669,0.457,0.443674675603187,0.62105174124768,0.582
"80",0.897401263064441,0.91,0.536,0.909,0.932410128432049,0.9011294377254,0.99
"81",0.388766422318029,0.363,0.292,0.373,0.676675735628453,0.519273009784494,0.598
"82",0.375417132595184,0.365,0.602,0.386,0.51483614352671,0.520843504297451,0.544
"83",0.676004051894463,0.684,0.755,0.575,0.557986524419199,0.635181068689826,0.677
"84",0.0457790570962873,0.049,0.494,0.023,0.00860079136671166,0.0367718238537845,0.015
"85",0.395106928517269,0.403,0.932,0.435,0.351922618590215,0.303297186322605,0.37
"86",0.45746127794038,0.482,0.94,0.5,0.590494238573079,0.558083574822286,0.586
"87",0.314681229850575,0.304,0.969,0.187,0.0849316269472952,0.116892343529114,0.144
"88",0.089183795704598,0.077,0.89,0.095,0.386475753938852,0.113471133986599,0.16
"89",0.39395476930837,0.383,0.058,0.347,0.484741699904039,0.39154589890639,0.469
"90",0.483227509181143,0.487,0.167,0.465,0.207951821240837,0.333703048431135,0.241
"91",0.165936950150803,0.158,0.742,0.228,0.247822371191512,0.150579316286846,0.234
"92",0.820090115176097,0.821,0.569,0.849,0.926155112384859,0.823162971564721,0.963
"93",0.323124918811009,0.324,0.55,0.335,0.134404767658612,0.313514981607916,0.168
"94",0.786888568400395,0.769,0.955,0.817,0.766330936420492,0.73245391266226,0.873
"95",0.127516672420533,0.146,0.847,0.09,0.250807139829604,0.129662215029689,0.16
"96",0.5281079930406,0.537,0.575,0.6,0.8318639847045,0.605866345400682,0.608
"97",0.740283863994758,0.735,0.858,0.698,0.587598661418237,0.686595481953662,0.757
"98",0.355132124798155,0.36,0.971,0.341,0.769841521561567,0.664728051179897,0.552
"99",0.686468065891528,0.685,0.577,0.703,0.927811990153368,0.91567323153625,0.8
"100",0.186096997623698,0.181,0.982,0.198,0.424516829240087,0.193333870977142,0.315
"101",0.781147527373065,0.787,0.307,0.875,0.774640391361798,0.643256099969981,0.849
"102",0.267923411512884,0.251,0.019,0.258,0.211141179201414,0.24837165895279,0.259
"103",0.325428124820262,0.338,0.838,0.344,0.563560279041501,0.475439117857296,0.426
"104",0.156955758101247,0.165,0.305,0.147,0.399675177677972,0.161953171921732,0.234
"105",0.57676685361338,0.567,0.715,0.588,0.84136480158939,0.698832831343147,0.716
"106",0.106638826905572,0.107,0.202,0.098,0.672170775686188,0.789138249208428,0.17
"107",0.395684027150417,0.373,0.267,0.517,0.234898196060806,0.303384017780129,0.372
"108",0.616641470684292,0.612,0.127,0.643,0.806618377675081,0.618930439363315,0.774
"109",0.493743085445476,0.516,0.457,0.476,0.591852636923707,0.717371066748258,0.699
"110",0.8664177746643,0.88,0.764,0.913,0.808919375552984,0.828331630065054,0.942
"111",0.543022382324537,0.557,0.951,0.539,0.822061419998419,0.83382055852766,0.8
"112",0.58689759339364,0.574,0.364,0.429,0.213077793087847,0.481303184287313,0.334
"113",0.910371089789126,0.901,0.867,0.894,0.970056336417112,0.903849177795476,0.98
"114",0.466850158002906,0.488,0.55,0.485,0.375269130697495,0.367997160525093,0.362
"115",0.495154234483787,0.523,0.331,0.439,0.532997012605447,0.440540455845881,0.44
"116",0.791756143064365,0.776,0.036,0.787,0.672335766949014,0.684616850360637,0.835
"117",0.614384042736224,0.657,0.272,0.584,0.520139124448971,0.643091094521823,0.664
"118",0.900256941357185,0.924,0.612,0.934,0.576683932195499,0.619759896077098,0.814
"119",0.502248944348821,0.508,0.159,0.604,0.517447303289997,0.692517250671635,0.586
"120",0.201556663053995,0.211,0.19,0.249,0.147907334878125,0.197570797123503,0.13
"121",0.157819986103557,0.153,0.34,0.162,0.201157009020156,0.150155656101862,0.111
"122",0.0874219961580387,0.072,0.901,0.136,0.108208879800059,0.0641121727035026,0.118
"123",0.391394532109403,0.418,0.956,0.369,0.306565329016478,0.333005549085259,0.417
"124",0.448248262374806,0.491,0.116,0.481,0.592615028406328,0.503900630586595,0.588
"125",0.245338803655239,0.245,0.405,0.241,0.975331645781089,0.951197961832966,0.403
"126",0.644541570772839,0.657,0.437,0.752,0.739126352137483,0.915417982011907,0.501
"127",0.744483952583367,0.76,0.89,0.751,0.93913416957134,0.819375191080113,0.97
"128",0.262160748249817,0.256,0.306,0.258,0.433588054921499,0.273237656684404,0.332
"129",0.755661970655458,0.757,0.78,0.717,0.899085645425349,0.786730181757451,0.812
"130",0.168935115380297,0.166,0.048,0.19,0.0895011583094063,0.179648741220982,0.133
"131",0.250346686509936,0.233,0.631,0.196,0.0349449149344572,0.224091639416114,0.061
"132",0.706853616019781,0.709,0.35,0.581,0.704536628641472,0.529899255088096,0.522
"133",0.0416229226846245,0.041,0.515,0.038,0.0708253903696625,0.0360073758604778,0.077
"134",0.185977130999715,0.202,0.836,0.167,0.354445434573299,0.189207777377049,0.265
"135",0.896539590358157,0.913,0.953,0.955,0.825075389346034,0.967454587789694,0.291
"136",0.534448962766216,0.547,0.622,0.61,0.782220400200664,0.869324608167449,0.693
"137",0.950647775814712,0.957,0.736,0.968,0.417949570817261,0.537789091035572,0.595
"138",0.166610727790641,0.194,0.221,0.187,0.293612457162258,0.180086421060277,0.262
"139",0.718114232462954,0.716,0.432,0.56,0.0714597454275917,0.171926410879464,0.118
"140",0.966484114369514,0.958,0.048,0.964,0.99170104460175,0.919109615552948,0.993
"141",0.49893095605669,0.515,0.699,0.473,0.488608845742913,0.715749753898993,0.598
"142",0.489195619531585,0.471,0.268,0.477,0.430033639382864,0.642047566441651,0.462
"143",0.851935132420623,0.855,0.071,0.847,0.781924006114488,0.778177988909304,0.935
"144",0.375116452104479,0.4,0.393,0.375,0.780033520440842,0.708180874605506,0.562
"145",0.703987756324334,0.697,0.651,0.778,0.83251280583993,0.714273575267551,0.802
"146",0.423560094825454,0.432,0.124,0.478,0.69906157401686,0.461832199766625,0.609
"147",0.0456339864218251,0.04,0.56,0.05,0.121459744272673,0.0716987205989005,0.083
"148",0.667063533912487,0.663,0.029,0.625,0.578249362211777,0.572606082919413,0.645
"149",0.726322304883189,0.734,0.026,0.787,0.941636244334141,0.843901343334743,0.916
"150",0.174512211333997,0.166,0.228,0.212,0.967568742444249,0.353514206940034,0.362
"151",0.054277539657043,0.055,0.735,0.078,0.126128924606295,0.0404492714743423,0.062
"152",0.766499428369191,0.788,0.03,0.678,0.423197444260605,0.572633228113037,0.548
"153",0.6497958991901,0.624,0.81,0.627,0.943076221676814,0.954207836351253,0.913
"154",0.0801167128634513,0.071,0.361,0.104,0.0660091322070488,0.0619139000102406,0.08
"155",0.903902979786935,0.903,0.631,0.863,0.969520428356309,0.903081778696037,0.976
"156",0.768194560894115,0.772,0.559,0.819,0.891724818216813,0.821011994242171,0.953
"157",0.71104360795747,0.727,0.057,0.709,0.803707111811453,0.69639307906006,0.769
"158",0.182922961729795,0.181,0.859,0.167,0.344936727675779,0.172846703139441,0.241
"159",0.933282304243828,0.934,0.21,0.912,0.663198235639732,0.609765257398702,0.64
"160",0.431839529773778,0.436,0.594,0.35,0.287299756324591,0.538587752623253,0.363
"161",0.681801811990251,0.687,0.449,0.696,0.751336638137374,0.787372527353829,0.891
"162",0.8187393600882,0.832,0.772,0.814,0.558680299773843,0.596876394287346,0.597
"163",0.256442324730648,0.277,0.544,0.248,0.333259458501797,0.620509580054174,0.447
"164",0.108822880337446,0.104,0.468,0.127,0.85719997418555,0.239513250888822,0.181
"165",0.810854898928094,0.803,0.099,0.824,0.843753439473735,0.922829879319018,0.956
"166",0.167719286029656,0.173,0.964,0.185,0.177434528778844,0.161126073395465,0.123
"167",0.769836527718117,0.793,0.454,0.765,0.671625666160052,0.59642046348206,0.581
"168",0.332985200703457,0.335,0.602,0.423,0.716060475714613,0.576255639431222,0.522
"169",0.239809368298879,0.272,0.076,0.284,0.619961894493017,0.61780946031508,0.436
"170",0.567132233790393,0.588,0.247,0.536,0.174436348789594,0.388323924889929,0.23
"171",0.203021135194862,0.2,0.865,0.207,0.183595602095455,0.259732108412736,0.255
"172",0.53941089061712,0.541,0.049,0.521,0.373819883744312,0.420981902863987,0.503
"173",0.52321149948395,0.536,0.49,0.529,0.608356982010426,0.537806689061758,0.66
"174",0.523074328362064,0.516,0.003,0.479,0.470178884548829,0.647112536919087,0.63
"175",0.282446009349311,0.289,0.153,0.397,0.311928839852281,0.28655354276701,0.275
"176",0.314251021749691,0.32,0.29,0.344,0.102744162848432,0.216583231265818,0.142
"177",0.851284732788047,0.839,0.862,0.908,0.973821900953612,0.859085403552202,0.916
"178",0.400814960700779,0.393,0.174,0.433,0.877772546099513,0.81505773595806,0.591
"179",0.282792576230916,0.311,0.605,0.299,0.439906146858805,0.453366589762288,0.487
"180",0.40189096680263,0.419,0.204,0.369,0.24432808424979,0.213390613516323,0.232
"181",0.946737651204151,0.956,0.153,0.907,0.537154831558189,0.634529945758715,0.72
"182",0.693395385859059,0.708,0.353,0.779,0.925560106619684,0.99403619791604,0.944
"183",0.423905406900327,0.437,0.596,0.521,0.738413245154352,0.547572327276153,0.543
"184",0.614660967950944,0.625,0.186,0.696,0.438748454458065,0.608578666676879,0.556
"185",0.226390919080867,0.247,0.691,0.236,0.354957338613018,0.241512873381454,0.287
"186",0.668076242737034,0.671,0.429,0.608,0.208890348548824,0.462094138386699,0.319
"187",0.424668021857113,0.429,0.223,0.532,0.621106237906849,0.891342175214776,0.605
"188",0.519664730748606,0.52,0.199,0.61,0.311073772824052,0.348185675823504,0.351
"189",0.783581802281096,0.801,0.355,0.78,0.823408710945172,0.907464735377896,0.926
"190",0.179736587127575,0.181,0.828,0.161,0.316916325521775,0.248094732380583,0.256
"191",0.418845890204441,0.41,0.039,0.4,0.674650214658904,0.518564372575468,0.639
"192",0.967677097123887,0.965,0.925,0.958,0.881544471830558,0.784711119508397,0.893
"193",0.135258852715668,0.133,0.317,0.139,0.294387925916608,0.149891762517577,0.156
"194",0.296059057902973,0.319,0.264,0.341,0.670953667112824,0.740917548320116,0.434
"195",0.265745468482058,0.278,0.182,0.3,0.332220135937941,0.281172048843651,0.336
"196",0.184710432488587,0.169,0.337,0.224,0.422548906745109,0.228021964491432,0.295
"197",0.823496753830723,0.833,0.909,0.835,0.968381238940049,0.891517190730877,0.932
"198",0.287721634799781,0.286,0.735,0.326,0.709251958274295,0.314526182014919,0.307
"199",0.920504061176128,0.914,0.39,0.932,0.580654813587536,0.822220507561325,0.75
"200",0.411171446093852,0.418,0.174,0.44,0.693462164949845,0.42706781321802,0.505
"201",0.124282418998542,0.112,0.512,0.137,0.375516684854291,0.167852726971152,0.198
"202",0.980883689014853,0.987,0.394,0.961,0.774306136840576,0.645524668923054,0.788
"203",0.695336606308961,0.713,0.931,0.738,0.589759600703521,0.652211184663247,0.742
"204",0.743053747645909,0.77,0.296,0.792,0.570196232007989,0.632714754612911,0.735
"205",0.825356127303614,0.816,0.269,0.78,0.756594472941686,0.725957016714957,0.758
"206",0.26461478530905,0.277,0.724,0.304,0.951725884902771,0.878518024388673,0.458
"207",0.491525347879717,0.5,0.814,0.558,0.47242458582706,0.388064722142211,0.515
"208",0.444163468709219,0.461,0.46,0.568,0.502634842868244,0.329470584807151,0.444
"209",0.563231467912964,0.577,0.563,0.714,0.540072002215682,0.417895704989143,0.449
"210",0.11522875060118,0.134,0.855,0.163,0.108903034142845,0.10569097170966,0.07
"211",0.790625755712474,0.76,0.853,0.787,0.745953087183867,0.739630753091353,0.792
"212",0.103646699763668,0.1,0.174,0.075,0.0995067079426234,0.115112495902604,0.12
"213",0.839859520902268,0.835,0.147,0.86,0.768052908079491,0.862535822940486,0.863
"214",0.769353466166351,0.768,0.424,0.812,0.979528724558213,0.965997855243278,0.999
"215",0.560908092177739,0.582,0.748,0.455,0.221484996374995,0.351145543796528,0.281
"216",0.178221108938788,0.166,0.6,0.142,0.268721126220755,0.155890189855965,0.18
"217",0.382074996241925,0.398,0.772,0.366,0.268555120536434,0.272557531390427,0.3
"218",0.536247408524623,0.537,0.462,0.432,0.0697984808437733,0.554603339712516,0.123
"219",0.959574849632738,0.969,0.541,0.932,0.994076717703891,0.965011119253413,0.956
"220",0.187010218369991,0.201,0.903,0.205,0.465178370318972,0.26848375868355,0.33
"221",0.643372260723806,0.644,0.03,0.598,0.48510329338455,0.796119210577138,0.684
"222",0.0757159636359561,0.105,0.582,0.061,0.201715869533466,0.0542933202399669,0.094
"223",0.683199760408497,0.701,0.239,0.683,0.441290443056524,0.500380669164917,0.57
"224",0.677198823139817,0.668,0.424,0.735,0.629444125331866,0.603045016362102,0.766
"225",0.0699302208220733,0.063,0.91,0.084,0.103610690128804,0.0610609761526346,0.085
"226",0.602144395385239,0.631,0.229,0.704,0.671821234375569,0.563715427173549,0.672
"227",0.51990718326515,0.499,0.26,0.54,0.656321626405023,0.498054531460813,0.682
"228",0.138602127378379,0.159,0.517,0.166,0.23184385725526,0.12587581728968,0.191
"229",0.300197003100996,0.278,0.28,0.315,0.338136958008993,0.346087799529604,0.375
"230",0.222421673689676,0.195,0.695,0.153,0.273615626300175,0.232200312609346,0.256
"231",0.217734161231441,0.239,0.344,0.227,0.596953810439802,0.338792971025409,0.361
"232",0.676124036187566,0.678,0.284,0.729,0.832952078997196,0.749238897780655,0.882
"233",0.620619264992812,0.66,0.897,0.747,0.613250204124166,0.641925276883633,0.562
"234",0.870351736669254,0.881,0.287,0.803,0.90202668058074,0.832805256985384,0.971
"235",0.513538334435318,0.506,0.148,0.542,0.340453600958936,0.475961017957879,0.366
"236",0.422918007717291,0.408,0.606,0.468,0.550209856190439,0.499991845584321,0.489
"237",0.918078094057218,0.905,0.762,0.863,0.988278688897884,0.999998733009557,0.955
"238",0.874024471727116,0.872,0.211,0.855,0.90481024983953,0.853965040383055,0.97
"239",0.0868215713466292,0.088,0.11,0.066,0.0219332380574979,0.0603032293544157,0.039
"240",0.296444308871509,0.306,0.68,0.319,0.219095761461041,0.335899195645942,0.278
"241",0.315790305924,0.307,0.891,0.253,0.392894184589216,0.39512655610647,0.431
"242",0.0797432304360168,0.09,0.791,0.09,0.110638558465833,0.0645027353933308,0.093
"243",0.757245415187695,0.748,0.456,0.684,0.45416498525522,0.556729057580692,0.447
"244",0.937588670453818,0.955,0.623,0.868,0.999998733007103,0.999998733009576,0.963
"245",0.704452370591822,0.704,0.004,0.668,0.921698775018947,0.85472095772905,0.815
"246",0.514507513980827,0.541,0.973,0.494,0.722965741639768,0.549603687475383,0.631
"247",0.956277823312386,0.95,0.246,0.96,0.796135495248859,0.896319018107466,0.945
"248",0.34245823865921,0.348,0.713,0.353,0.74312456985636,0.530697652374461,0.53
"249",0.205083367558422,0.2,0.109,0.207,0.531934334811084,0.296619070794334,0.456
"250",0.607553888931702,0.631,0.902,0.534,0.307741928321114,0.378930714102129,0.374
"251",0.141290853165714,0.128,0.782,0.162,0.291584707532953,0.192182123907467,0.3
"252",0.840864537661886,0.825,0.169,0.786,0.670186646066784,0.874741599822307,0.748
"253",0.30578541799707,0.294,0.822,0.338,0.321495795700758,0.29925652792835,0.384
"254",0.924037135253362,0.918,0.7,0.952,0.981564075904085,0.912708352343722,0.989
"255",0.541840928648241,0.538,0.961,0.62,0.496413732918503,0.41465370729563,0.473
"256",0.84439713852538,0.849,0.548,0.757,0.602399842920032,0.874253296311832,0.609
"257",0.516241854677167,0.527,0.088,0.531,0.962565292200993,0.963309915800605,0.67
"258",0.799573180712731,0.807,0.131,0.858,0.606059159684265,0.645623096780586,0.738
"259",0.93667797131926,0.95,0.551,0.886,0.906451641298753,0.843770879640698,0.926
"260",0.252244482407802,0.238,0.841,0.216,0.132221621505027,0.23749565673377,0.191
"261",0.567038324265065,0.566,0.471,0.664,0.57799849654781,0.721594890894679,0.639
"262",0.999062496310746,0.996,0.875,0.995,0.951778421409968,0.941092828043768,0.983
"263",0.631887226869637,0.633,0.513,0.706,0.210538229702702,0.48820614204755,0.269
"264",0.164794118542113,0.171,0.584,0.18,0.552620818090312,0.1972414409775,0.256
"265",0.290576363093705,0.283,0.5,0.274,0.369446249849008,0.387425033429782,0.511
"266",0.357545448186634,0.35,0.8,0.369,0.342052066390106,0.377092073422896,0.393
"267",0.0751886744972832,0.082,0.119,0.086,0.0916715748319299,0.0480930193734033,0.042
"268",0.194626132098295,0.187,0.471,0.198,0.538505343129061,0.198565392388096,0.296
"269",0.670078345755771,0.662,0.733,0.714,0.443864347150599,0.377316898421942,0.461
"270",0.380773858876406,0.376,0.619,0.362,0.451583588693455,0.513667768901232,0.474
"271",0.355213307994408,0.347,0.913,0.345,0.324662297388356,0.30966473332493,0.308
"272",0.913022891397251,0.924,0.649,0.98,0.959455522586222,0.979280776618404,0.921
"273",0.889001628493812,0.933,0.453,0.888,0.0977220506317233,0.359347399927671,0.131
"274",0.358131466689418,0.373,0.837,0.384,0.482794623347446,0.449442156694458,0.566
"275",0.47770825679799,0.493,0.827,0.504,0.939244310841569,0.912125917147096,0.781
"276",0.152742005038835,0.16,0.008,0.164,0.252716763707531,0.143943025104807,0.159
"277",0.167156858198388,0.174,0.779,0.147,0.163384102000498,0.24414695061976,0.197
"278",0.223766593666208,0.202,0.172,0.295,0.100444174600692,0.206955850198554,0.135
"279",0.573081356160842,0.612,0.667,0.616,0.639658706090192,0.535140448155201,0.655
"280",0.0564078066727394,0.053,0.405,0.083,0.17203336973402,0.0695203677640142,0.084
"281",0.509173637966402,0.517,0.2,0.507,0.624016987171855,0.494722778654367,0.578
"282",0.919286727139537,0.922,0.362,0.941,0.962806729087996,0.979417118407655,0.927
"283",0.992197001654158,0.992,0.276,0.962,0.64239152233358,0.604211934723608,0.771
"284",0.836949455365509,0.825,0.721,0.802,0.520751940078946,0.779902870031725,0.444
"285",0.0122541606119908,0.014,0.241,0.019,0.0116392142926358,0.00296883470846021,0.008
"286",0.311838697014799,0.309,0.292,0.264,0.107248291267352,0.13282950493433,0.158
"287",0.364692444115206,0.384,0.113,0.405,0.62851938896912,0.42990594750964,0.486
"288",0.608376426267379,0.626,0.539,0.63,0.626432874686032,0.658986782187743,0.659
"289",0.70519972391181,0.708,0.808,0.638,0.623360958738942,0.979601634132298,0.789
"290",0.772394986172353,0.775,0.252,0.855,0.7603036529764,0.679600236773991,0.801
"291",0.215070078538017,0.215,0.431,0.201,0.699722225240258,0.39638130646289,0.363
"292",0.492312173135989,0.495,0.65,0.426,0.593471202301155,0.55853778207524,0.56
"293",0.660317171814659,0.695,0.353,0.702,0.624225405090444,0.571595733217428,0.656
"294",0.947390298374437,0.944,0.836,0.958,0.933264557740605,0.94686439683517,0.992
"295",0.525995563606938,0.55,0.517,0.535,0.37742995761081,0.515946824049924,0.495
"296",0.410044233640454,0.449,0.129,0.539,0.449083180645059,0.354003028129724,0.359
"297",0.389806966582969,0.406,0.924,0.389,0.433195745387085,0.370697201576939,0.405
"298",0.651649975784198,0.647,0.914,0.675,0.823744057573944,0.801794770857099,0.899
"299",0.870675707137019,0.875,0.054,0.759,0.109156762390238,0.359188557295604,0.154
"300",0.398072998886754,0.402,0.607,0.323,0.336577970526396,0.454602602937443,0.437
"301",0.0850960997690053,0.098,0.331,0.048,0.0245823082267815,0.0441410999118087,0.036
"302",0.420160185608504,0.408,0.722,0.471,0.470151871965606,0.613319191652788,0.365
"303",0.421242808442089,0.43,0.341,0.443,0.558456188668507,0.495896199040631,0.565
"304",0.38099805949344,0.371,0.305,0.365,0.999998733003794,0.993932448452669,0.56
"305",0.957879753085168,0.965,0.032,0.999,0.813043702294766,0.811624215086356,0.923
"306",0.980217077773364,0.986,0.635,0.973,0.77099324762448,0.809367247254294,0.885
"307",0.619709428978955,0.626,0.449,0.633,0.517525961803035,0.465892300756352,0.606
"308",0.79706311511274,0.781,0.299,0.797,0.862250258583411,0.936170460386819,0.949
"309",0.870557427488747,0.881,0.865,0.865,0.783140206499768,0.828120093380252,0.858
"310",0.675399687831006,0.739,0.072,0.713,0.397828852130536,0.545066106845952,0.43
"311",0.363536570912496,0.361,0.562,0.33,0.656426250200289,0.397214863361233,0.476
"312",0.952830040070013,0.944,0.779,0.995,0.647970859006198,0.576404185894339,0.633
"313",0.860596951978127,0.876,0.408,0.905,0.994100197742812,0.84215113297676,0.983
"314",0.343332639657073,0.33,0.2,0.327,0.25109858923583,0.376690887182112,0.305
"315",0.706520521168347,0.736,0.096,0.629,0.435707173672744,0.713414578370386,0.571
"316",0.782473621140246,0.757,0.276,0.751,0.708810020543771,0.697005062608882,0.891
"317",0.502998240751829,0.488,0.347,0.447,0.431336586364984,0.373534566833996,0.488
"318",0.999721534022339,1,0.128,0.996,0.919056800563006,0.912146821244771,0.985
"319",0.225282640749308,0.243,0.467,0.259,0.51116551795128,0.279840076077643,0.39
"320",0.823734112019429,0.82,0.672,0.821,0.940632079726492,0.883306530441073,0.983
"321",0.353415576879064,0.353,0.748,0.354,0.26617919687351,0.358541447403383,0.313
"322",0.158667133154208,0.161,0.579,0.162,0.108918734579888,0.130997011407763,0.169
"323",0.539666980759949,0.541,0.071,0.574,0.603245703176845,0.707601385987333,0.719
"324",0.334193931602326,0.348,0.547,0.299,0.721797672288374,0.375381737725282,0.529
"325",0.513851573449409,0.52,0.926,0.509,0.44730335893595,0.389768202143088,0.522
"326",0.000193610160650892,0.001,0.362,0.001,0.00360822015731688,0.00225335586527065,0.002
"327",0.702505397614129,0.7,0.062,0.7,0.946043519414775,0.81364360643815,0.887
"328",0.989421608044205,0.992,0.218,0.975,0.950282312373131,0.916081108796651,0.971
"329",0.540067376373732,0.539,0.829,0.522,0.933796411843852,0.969425996502825,0.657
"330",0.613343163456617,0.625,0.934,0.565,0.963673275334191,0.859622311010642,0.732
"331",0.169059075548673,0.171,0.645,0.18,0.311631884855882,0.166439340136638,0.231
"332",0.824363194656652,0.814,0.031,0.846,0.66787121420678,0.588313181690663,0.737
"333",0.792203537742762,0.841,0.236,0.891,0.918275653730635,0.884546749612485,0.923
"334",0.992838059365236,0.995,0.369,0.987,0.997271367807176,0.983590826790911,1
"335",0.998403913317066,0.996,0.606,1,0.847785429941981,0.807149395399976,0.91
"336",0.257729394383936,0.25,0.215,0.37,0.264013079683964,0.213533969312817,0.329
"337",0.673649535486281,0.691,0.979,0.607,0.371669795440175,0.393133364198815,0.438
"338",0.370517507307615,0.392,0.479,0.493,0.2747440914506,0.185909136804851,0.192
"339",0.933056152825157,0.94,0.214,0.894,0.937321780434954,0.894083542493453,0.862
"340",0.0618079343690171,0.055,0.453,0.092,0.0383830190564062,0.0847482993061965,0.058
"341",0.960886057105703,0.964,0.293,0.984,0.964652109661718,0.935445339115765,0.972
"342",0.406828415097191,0.432,0.619,0.428,0.62892801885806,0.671958867343847,0.63
"343",0.617279738397007,0.616,0.323,0.65,0.642378794834768,0.597779266711175,0.73
"344",0.164402590407367,0.164,0.318,0.142,0.0552434546583112,0.105933466263706,0.077
"345",0.28559512863437,0.278,0.823,0.326,0.419320366116619,0.324177882437283,0.417
"346",0.946397586580309,0.938,0.361,0.943,0.665000097553523,0.856931985474794,0.81
"347",0.545737618367262,0.572,0.503,0.528,0.520334546885224,0.420491223465325,0.593
"348",0.906209610044945,0.921,0.747,0.863,0.947505433661584,0.975633859970856,0.57
"349",0.418409553864857,0.425,0.469,0.312,0.434311384613857,0.618277830331285,0.578
"350",0.563377236811367,0.579,0.169,0.59,0.442639097485512,0.378479116073981,0.497
"351",0.566141400811813,0.589,0.951,0.503,0.298465876447074,0.511487489225243,0.425
"352",0.32814026072661,0.36,0.046,0.433,0.32877243810215,0.19059857268866,0.303
"353",0.222066099859491,0.204,0.383,0.188,0.112352977367948,0.13986911402431,0.132
"354",0.21764452868185,0.226,0.697,0.243,0.0568994412063062,0.168506194587593,0.096
"355",0.571920497023959,0.565,0.649,0.653,0.538506340142408,0.454052309888419,0.605
"356",0.723118329251336,0.731,0.66,0.745,0.901546689964275,0.930050988459129,0.941
"357",0.973527822595745,0.968,0.487,0.945,0.828298842373216,0.923529633889481,0.957
"358",0.974400703268104,0.975,0.064,0.978,0.948130970296487,0.903600170256224,0.976
"359",0.289212096377829,0.304,0.155,0.356,0.907427612742155,0.88167410516987,0.506
"360",0.199413963270152,0.201,0.428,0.199,0.125637155449293,0.145730049272992,0.123
"361",0.264222484106247,0.282,0.924,0.29,0.370344957024889,0.312782906852979,0.348
"362",0.239615522848431,0.262,0.659,0.226,0.2741270497411,0.296148042992586,0.287
"363",0.698826576586708,0.717,0.737,0.698,0.971516825147108,0.722656171106028,0.849
"364",0.497661416036534,0.522,0.366,0.574,0.302160533290254,0.2619243682306,0.239
"365",0.999159896780466,0.998,0.961,0.981,0.598294148834232,0.55225155827554,0.68
"366",0.491777377347709,0.501,0.437,0.546,0.345651111311444,0.271762560680302,0.35
"367",0.576481382381312,0.573,0.241,0.504,0.890324330530658,0.960454493991539,0.701
"368",0.858694389366983,0.846,0.529,0.918,0.667254814289035,0.695748952628864,0.66
"369",0.874425071398602,0.883,0.265,0.904,0.809166162583038,0.829567076244183,0.946
"370",0.977564722732064,0.98,0.262,0.969,0.999998733006564,0.997011540731206,0.957
"371",0.0444559312776385,0.039,0.957,0.014,0.00576374673686075,0.0333134949587277,0.008
"372",0.258119434225341,0.26,0.054,0.241,0.999998732995749,0.996970043086876,0.323
"373",0.470189657459854,0.463,0.802,0.479,0.776664117438457,0.540357707768186,0.709
"374",0.107411962045209,0.099,0.36,0.117,0.148796682333637,0.147254086432654,0.159
"375",0.688597843142118,0.713,0.659,0.765,0.798770530595323,0.634127424674847,0.759
"376",0.588244402583557,0.61,0.282,0.677,0.779783290648126,0.861859964418043,0.849
"377",0.366338321475806,0.39,0.559,0.375,0.33157354775229,0.52705422689307,0.492
"378",0.743105021117369,0.774,0.685,0.806,0.734432864004421,0.83524474240971,0.864
"379",0.830169402103055,0.82,0.718,0.943,0.806046456475346,0.551059084936215,0.593
"380",0.173369389122107,0.156,0.183,0.177,0.183804569813694,0.158568683765264,0.239
"381",0.974452678213062,0.967,0.581,0.938,0.698571429115609,0.822155397136148,0.787
"382",0.139181378913042,0.149,0.914,0.099,0.31474743160918,0.144571000254973,0.24
"383",0.637468438560764,0.625,0.132,0.724,0.898728614706029,0.690273601419359,0.611
"384",0.496069703492397,0.507,0.953,0.515,0.571596583910547,0.547128476587997,0.558
"385",0.705582287785532,0.702,0.717,0.739,0.924592968479045,0.976732046918118,0.946
"386",0.255566042006287,0.25,0.418,0.223,0.240286376265627,0.210127257137072,0.229
"387",0.38129781766766,0.365,0.004,0.37,0.756399953439528,0.57650710791875,0.422
"388",0.606148942778437,0.617,0.638,0.608,0.858944528980059,0.937359462466153,0.797
"389",0.839988567266211,0.845,0.111,0.906,0.6888777287299,0.765754711063762,0.895
"390",0.490379178831369,0.494,0.92,0.497,0.480519686714737,0.462382200555717,0.576
"391",0.164650497566868,0.178,0.015,0.168,0.241321582524292,0.157963377742821,0.192
"392",0.49596565101377,0.499,0.811,0.603,0.641031270560095,0.510208392314641,0.618
"393",0.245308712223259,0.265,0.283,0.233,0.328386810754227,0.223317510392191,0.252
"394",0.892085227188625,0.919,0.473,0.917,0.581422330249323,0.850883269158491,0.701
"395",0.279409771023757,0.271,0.676,0.297,0.390677428646256,0.289397424880609,0.329
"396",0.379090899546465,0.383,0.543,0.463,0.50681389708658,0.801506285253674,0.555
"397",0.678430307325364,0.682,0.904,0.67,0.773506840290458,0.67924140211298,0.867
"398",0.0763430681377453,0.08,0.293,0.058,0.134247353226174,0.0753366420191284,0.1
"399",0.179391737621024,0.166,0.622,0.126,0.0539961468770421,0.150807241473397,0.085
"400",0.837691514364363,0.825,0.406,0.857,0.77815731972156,0.825588584006678,0.937
"401",0.219127231903387,0.208,0.473,0.221,0.0882939212957328,0.0832505283319646,0.156
"402",0.620836132986318,0.639,0.201,0.642,0.873673215455934,0.849375333698472,0.914
"403",0.298181763271305,0.299,0.533,0.317,0.654939493874224,0.353413007885116,0.488
"404",0.243396240364459,0.25,0.26,0.266,0.124475725742535,0.220613082078916,0.167
"405",0.0730980140275509,0.075,0.55,0.04,0.0115682426823127,0.065851978865535,0.03
"406",0.577895534394771,0.577,0.638,0.658,0.784896852328406,0.752039331049338,0.768
"407",0.354094740116752,0.378,0.756,0.318,0.29530177426407,0.473674751803709,0.381
"408",0.146501138471923,0.166,0.603,0.138,0.262882305628338,0.256710095393024,0.254
"409",0.584481625894342,0.593,0.404,0.534,0.903539084842032,0.795146771744308,0.755
"410",0.681804536487959,0.686,0.038,0.662,0.924113347195203,0.875024464201688,0.933
"411",0.443695561288588,0.425,0.323,0.368,0.679449415489994,0.58807105651315,0.644
"412",0.0632521061488123,0.034,0.926,0.044,0.0906242706304201,0.0599377271527759,0.113
"413",0.622194252693643,0.631,0.1,0.575,0.56403197301838,0.814066293177469,0.658
"414",0.467841157978891,0.529,0.56,0.506,0.85498991641751,0.849358897909682,0.869
"415",0.30987377146777,0.332,0.386,0.267,0.428483031682465,0.434352329962202,0.422
"416",0.590700468709794,0.595,0.072,0.642,0.83579578213808,0.750068211249074,0.869
"417",0.355867117004952,0.381,0.089,0.318,0.448879095053847,0.308911955438702,0.443
"418",0.335225960083509,0.33,0.221,0.333,0.389572105213358,0.280157077351816,0.345
"419",0.491855627341012,0.502,0.285,0.463,0.87576746235461,0.57988904897002,0.539
"420",0.290543630230362,0.283,0.542,0.296,0.249008434987988,0.243182762277672,0.248
"421",0.717804256254872,0.719,0.02,0.752,0.45832237823773,0.577012305972661,0.606
"422",0.949846161653715,0.96,0.199,0.973,0.306887252285658,0.29730010608768,0.331
"423",0.17899836994821,0.19,0.05,0.17,0.779452087369997,0.216408389115976,0.303
"424",0.0630855988467771,0.067,0.718,0.057,0.914731054477837,0.159754888034109,0.103
"425",0.737147271130256,0.711,0.967,0.665,0.945912550267138,0.993986235721821,0.766
"426",0.533384985024055,0.539,0.906,0.645,0.199971249552491,0.275976313621218,0.211
"427",0.650145394403427,0.644,0.261,0.619,0.695166107359864,0.975932528880674,0.734
"428",0.0875610275936537,0.079,0.604,0.109,0.116912186783842,0.0761502367742493,0.11
"429",0.0190016753382694,0.019,0.747,0.018,0.104023038818784,0.00872454694730007,0.036
"430",0.714520274793541,0.715,0.324,0.609,0.822857705894545,0.585226125296683,0.703
"431",0.570972120214206,0.581,0.077,0.619,0.385353915923569,0.519693762093116,0.533
"432",0.919803837530208,0.941,0.658,0.957,0.855621969910398,0.729843824749637,0.793
"433",0.458826220037374,0.445,0.843,0.397,0.440056048484589,0.3935483184108,0.401
"434",0.199395498389832,0.202,0.788,0.207,0.0510910733452328,0.155092354380258,0.072
"435",0.798994954342573,0.793,0.223,0.711,0.375365415690008,0.572498061471237,0.441
"436",0.0656864728525612,0.059,0.318,0.064,0.0952041382365851,0.0765422446244475,0.104
"437",0.0130761284041412,0.011,0.385,0.022,0.0277954600248804,0.0126958536124115,0.019
"438",0.318841853860823,0.337,0.023,0.325,0.167496612275611,0.331406674161424,0.285
"439",0.263323498854654,0.265,0.832,0.296,0.308513763159505,0.27070102537217,0.323
"440",0.665718750675452,0.664,0.13,0.662,0.883241017971149,0.866513407876268,0.668
"441",0.414687187453826,0.439,0.668,0.422,0.891664559245736,0.697303851030387,0.744
"442",0.809572761010497,0.814,0.847,0.726,0.344842850631951,0.419461762659831,0.409
"443",0.7908970642774,0.798,0.72,0.872,0.577255118553968,0.538539220379947,0.651
"444",0.137869822752767,0.14,0.171,0.18,0.20212385794915,0.228548879289731,0.194
"445",0.663436779817912,0.688,0.162,0.645,0.891821117851514,0.87770879725925,0.922
"446",0.968877311764352,0.969,0.045,0.981,0.999998733005976,0.997001254822671,0.872
"447",0.36727140193811,0.383,0.241,0.473,0.258427206979842,0.250522066225652,0.316
"448",0.0807913835321996,0.079,0.725,0.076,0.0364725497004326,0.0914054934171171,0.078
"449",0.277109402525377,0.279,0.325,0.249,0.338318131230605,0.28695931558263,0.337
"450",0.775208919869017,0.78,0.803,0.84,0.667092344261535,0.641262344500929,0.796
"451",0.641497094179043,0.64,0.707,0.583,0.23801133775909,0.524964888270485,0.331
"452",0.809560407554776,0.817,1,0.775,0.616905879564786,0.782724622089251,0.797
"453",0.872939036010033,0.86,0.392,0.924,0.902449464868456,0.801276093107701,0.833
"454",0.209012751787324,0.206,0.27,0.219,0.419474491291592,0.418599208258773,0.303
"455",0.746194237021687,0.786,0.239,0.723,0.76248069423872,0.800626703113163,0.896
"456",0.375746481759446,0.402,0.654,0.339,0.588691926026178,0.493157051115702,0.521
"457",0.716807505756026,0.711,0.092,0.695,0.837713851996106,0.82437333958454,0.92
"458",0.299253936020213,0.311,0.036,0.337,0.382132834755492,0.244790972814347,0.342
"459",0.596970578860907,0.617,0.749,0.646,0.621317361108041,0.510685759285532,0.651
"460",0.629147396339303,0.648,0.47,0.634,0.295765187297464,0.408856187319191,0.347
"461",0.621173508070907,0.629,0.579,0.527,0.635498570463824,0.551150782234485,0.689
"462",0.116307256429443,0.104,0.506,0.163,0.716205830289829,0.916050089942873,0.225
"463",0.136206216832366,0.124,0.461,0.13,0.35996335259713,0.157967011839615,0.272
"464",0.211981896866623,0.213,0.656,0.204,0.0367694977797457,0.170317654371199,0.09
"465",0.739324295958361,0.745,0.363,0.754,0.807806149155282,0.771665009429404,0.899
"466",0.944830584966756,0.948,0.324,0.906,0.329628987636899,0.587826494941261,0.433
"467",0.514074841246141,0.545,0.853,0.37,0.26384077583854,0.349685396871178,0.418
"468",0.270807485815779,0.288,0.039,0.261,0.362060012777501,0.250195729965317,0.338
"469",0.939107281479531,0.941,0.911,0.881,0.576751802174387,0.790593902847827,0.748
"470",0.634910432705223,0.664,0.287,0.764,0.853029911518564,0.912084642685162,0.781
"471",0.227752416099266,0.225,0.727,0.233,0.169779111629941,0.187070956931562,0.166
"472",0.422922963147342,0.433,0.909,0.42,0.397866729243114,0.436516314982114,0.55
"473",0.557462721273904,0.577,0.322,0.445,0.172492028278391,0.158378549018456,0.167
"474",0.311803030943929,0.311,0.645,0.403,0.488392289875821,0.335665656917492,0.389
"475",0.98051494524092,0.979,0.322,0.995,0.836697986635605,0.825132097639258,0.865
"476",0.398056833809932,0.404,0.476,0.464,0.338002792535968,0.350088292659142,0.379
"477",0.0624862899022447,0.052,0.178,0.07,0.0448065877297238,0.0465823306537285,0.069
"478",0.323811069105466,0.324,0.654,0.319,0.438558946496528,0.560286795777805,0.441
"479",0.574184286222041,0.586,0.758,0.614,0.535916083518084,0.520373229379176,0.57
"480",0.42980763270546,0.432,0.744,0.396,0.313749857092887,0.46559858783903,0.421
"481",0.6590626493101,0.658,0.115,0.619,0.45114064633798,0.609646124489996,0.594
"482",0.225496011164785,0.261,0.966,0.306,0.202491780955136,0.309340030033477,0.227
"483",0.870043734285325,0.872,0.448,0.862,0.820072549215811,0.853064469876323,0.9
"484",0.927912472146827,0.919,0.297,0.958,0.763481308232435,0.730387854311632,0.853
"485",0.272574824385833,0.297,0.739,0.313,0.580865284408362,0.381415204989861,0.519
"486",0.314635566585846,0.32,0.622,0.385,0.703925714984889,0.56122760961405,0.55
"487",0.0313233566527171,0.034,0.577,0.04,0.0304676917588229,0.030135425302483,0.05
"488",0.514166451445776,0.523,0.673,0.533,0.577079186666237,0.516187265699046,0.675
"489",0.571475000080417,0.578,0.653,0.586,0.805759725863757,0.551017866523836,0.619
"490",0.592251319050578,0.592,0.351,0.65,0.925054427171648,0.670394667146523,0.747
"491",0.578032673299412,0.599,0.994,0.698,0.264111136848677,0.19312726048459,0.229
"492",0.472570739163989,0.481,0.42,0.579,0.428030527270607,0.33818038913266,0.424
"493",0.329266016555253,0.358,0.807,0.343,0.477724168459989,0.566679426315732,0.626
"494",0.52958499676821,0.522,0.854,0.546,0.586569149690333,0.592013947000931,0.715
"495",0.681755900586812,0.716,0.443,0.632,0.36146682305765,0.533386315634079,0.455
"496",0.429099604338492,0.437,1,0.41,0.39897227251443,0.510285830593346,0.452
"497",0.321225256396428,0.331,0.21,0.353,0.853092742434745,0.443239173178314,0.361
"498",0.312303338743146,0.319,0.148,0.199,0.00295466855141058,0.112078962220359,0.009
"499",0.587452119073706,0.587,0.777,0.583,0.825507320435807,0.689293873089447,0.802
"500",0.465269959458432,0.47,0.224,0.437,0.61255832590099,0.847676630675691,0.589
